{
  "run.py": 1775223978.1235638,
  "root.py": 1775223978.123481,
  "report.py": 1775223978.123385,
  "backtesting/run.py": 1776055198.8401108,
  "backtesting/__init__.py": 1776055198.8374853,
  "backtesting/types.py": 1775223978.120388,
  "backtesting/universe.py": 1776068211.1795857,
  "backtesting/reporting/snapshots.py": 1775523074.5741816,
  "backtesting/reporting/models.py": 1776001920.4732707,
  "backtesting/reporting/html.py": 1775295543.6205747,
  "backtesting/reporting/__init__.py": 1775295543.6215234,
  "backtesting/reporting/tables_comparison.py": 1775295543.6198518,
  "backtesting/reporting/pdf.py": 1775303934.1274054,
  "backtesting/reporting/builder.py": 1776055198.839575,
  "backtesting/reporting/reader.py": 1776001920.4736867,
  "backtesting/reporting/plots.py": 1775223978.1182687,
  "backtesting/reporting/comparison_figures.py": 1775294020.1720839,
  "backtesting/reporting/cli.py": 1775297028.1763837,
  "backtesting/reporting/figures.py": 1775294055.1270514,
  "backtesting/reporting/writer.py": 1776001920.474156,
  "backtesting/reporting/tables.py": 1775223978.1185071,
  "backtesting/reporting/analytics.py": 1775523074.5723033,
  "backtesting/reporting/composers.py": 1775303934.126891,
  "backtesting/reporting/benchmarks.py": 1776055198.8391948,
  "backtesting/reporting/tables_single.py": 1775296147.5408137,
  "backtesting/strategies/registry.py": 1776001920.4779232,
  "backtesting/strategies/__init__.py": 1776001920.47617,
  "backtesting/strategies/breakout_simple.py": 1776001920.4767172,
  "backtesting/strategies/composable.py": 1776001920.4770157,
  "backtesting/strategies/breakout_staged.py": 1776001920.4768605,
  "backtesting/strategies/momentum.py": 1776001920.4773047,
  "backtesting/strategies/base.py": 1776001920.4764838,
  "backtesting/strategies/op_fwd.py": 1776001920.4776528,
  "backtesting/ingest/normalize.py": 1775223978.1174593,
  "backtesting/ingest/io.py": 1776055198.8388126,
  "backtesting/ingest/__init__.py": 1775223978.1173136,
  "backtesting/ingest/pipeline.py": 1775223978.1175287,
  "backtesting/ingest/report.py": 1775223978.1175983,
  "backtesting/signals/__init__.py": 1776001920.4749188,
  "backtesting/signals/momentum.py": 1776001920.4755044,
  "backtesting/signals/base.py": 1776001920.475237,
  "backtesting/signals/op_fwd.py": 1776001920.4758737,
  "backtesting/catalog/catalog.py": 1776055198.837823,
  "backtesting/catalog/specs.py": 1775223978.1159492,
  "backtesting/catalog/enums.py": 1776055198.8382251,
  "backtesting/catalog/__init__.py": 1775223978.1156554,
  "backtesting/catalog/groups.py": 1775223978.1158814,
  "backtesting/execution/fill.py": 1775223978.1171203,
  "backtesting/execution/__init__.py": 1775223978.1169689,
  "backtesting/execution/costs.py": 1775223978.1170428,
  "backtesting/execution/schedule.py": 1775223978.117192,
  "backtesting/construction/__init__.py": 1776001920.469984,
  "backtesting/construction/long_short.py": 1776001920.4709578,
  "backtesting/construction/long_only.py": 1776001920.470552,
  "backtesting/construction/sector_neutral.py": 1776001920.4714217,
  "backtesting/construction/base.py": 1776001920.4702837,
  "backtesting/data/store.py": 1775223978.1164227,
  "backtesting/data/policy.py": 1775223978.116353,
  "backtesting/data/__init__.py": 1775223978.1160636,
  "backtesting/data/loader.py": 1776055198.8385134,
  "backtesting/engine/__init__.py": 1775223978.116544,
  "backtesting/engine/core.py": 1775223978.1167858,
  "backtesting/engine/result.py": 1775223978.1168556,
  "backtesting/validation/session.py": 1775223978.1207068,
  "backtesting/validation/__init__.py": 1776001920.4784336,
  "backtesting/validation/split.py": 1775223978.1207957,
  "backtesting/validation/portfolio.py": 1776001920.4786968,
  "backtesting/policy/pass_through.py": 1776001920.472297,
  "backtesting/policy/__init__.py": 1776001920.4716454,
  "backtesting/policy/base.py": 1776001920.471995,
  "backtesting/policy/staged.py": 1776001920.4727209,
  "backtesting/analytics/perf.py": 1775223978.1155262,
  "backtesting/analytics/__init__.py": 1775223978.1153796,
  "backtesting/analytics/factor.py": 1775223978.115455,
  "backtesting/strategy/cross.py": 1775223978.1200368,
  "backtesting/strategy/__init__.py": 1775223978.1196585,
  "backtesting/strategy/base.py": 1775223978.119848,
  "backtesting/strategy/timeseries.py": 1775223978.120204,
  "dashboard/run.py": 1776055198.8420386,
  "dashboard/strategies.py": 1776055198.8423824,
  "dashboard/__init__.py": 1775360483.3031285,
  "dashboard/frontend/vite.config.d.ts": 1775377702.0,
  "dashboard/frontend/vite.config.js": 1775377702.0,
  "dashboard/frontend/vite.config.ts": 1775377179.706884,
  "dashboard/frontend/src/main.tsx": 1775352989.1580427,
  "dashboard/frontend/src/app/App.tsx": 1775523074.5806675,
  "dashboard/frontend/src/test/setup.ts": 1775354783.649632,
  "dashboard/frontend/src/components/ResearchDetailPanel.tsx": 1775523074.5840356,
  "dashboard/frontend/src/components/RunSelector.tsx": 1775383663.3180528,
  "dashboard/frontend/src/components/App.test.tsx": 1775523074.582834,
  "dashboard/frontend/src/components/ResearchWorkspace.tsx": 1775523074.5843472,
  "dashboard/frontend/src/components/TopRail.tsx": 1775523074.5849323,
  "dashboard/frontend/src/components/PerformanceStrip.tsx": 1775523074.5835755,
  "dashboard/frontend/src/components/ErrorState.tsx": 1775353145.1604931,
  "dashboard/frontend/src/components/ExposureBand.tsx": 1775523074.5832288,
  "dashboard/frontend/src/components/DiagnosticStrip.tsx": 1775383663.3155813,
  "dashboard/frontend/src/components/EmptyState.tsx": 1775360483.3045728,
  "dashboard/frontend/src/components/RunSelector.test.tsx": 1775523074.584653,
  "dashboard/frontend/src/lib/api.ts": 1775523074.585245,
  "dashboard/frontend/src/lib/types.ts": 1775523074.5854597,
  "dashboard/frontend/src/lib/format.ts": 1775354036.7761438,
  "dashboard/backend/serializers.py": 1775523074.5788605,
  "dashboard/backend/__init__.py": 1775360483.3035789,
  "dashboard/backend/api.py": 1775377179.7011108,
  "dashboard/backend/schemas.py": 1775523074.5747278,
  "dashboard/backend/main.py": 1775377179.7015402,
  "dashboard/backend/services/__init__.py": 1775360483.3037627,
  "dashboard/backend/services/launch_resolution.py": 1776055198.8412747,
  "dashboard/backend/services/run_index.py": 1776055198.8416197,
  "dashboard/backend/services/dashboard_payload.py": 1776055198.8409135,
  "dashboard/backend/requirements.txt": 1775349740.2775605,
  "raw/map.xlsx": 1775523127.940319,
  "raw/qw_BM.xlsx": 1776067888.591719,
  "results/backtests/breakout_52w_staged_2020-01-01_2025-12-31_20260412_224143/plots/equity.png": 1776001988.146988,
  "results/backtests/breakout_52w_staged_2020-01-01_2025-12-31_20260412_224143/plots/drawdown.png": 1776001988.2327592,
  "results/backtests/breakout_52w_simple_2020-01-01_2025-12-31_20260412_224119/plots/equity.png": 1776001988.1457615,
  "results/backtests/breakout_52w_simple_2020-01-01_2025-12-31_20260412_224119/plots/drawdown.png": 1776001988.2280233,
  "results/backtests/op-fwd-yield_20260408_212641/plots/equity.png": 1775651202.0528185,
  "results/backtests/op-fwd-yield_20260408_212641/plots/drawdown.png": 1775651202.167498,
  "results/backtests/breakout_52w_staged_2020-01-01_2025-12-31_20260412_224603/plots/equity.png": 1776001988.1500695,
  "results/backtests/breakout_52w_staged_2020-01-01_2025-12-31_20260412_224603/plots/drawdown.png": 1776001988.234907,
  "results/backtests/momentum_20260408_212535/plots/equity.png": 1775651136.1995413,
  "results/backtests/momentum_20260408_212535/plots/drawdown.png": 1775651136.3304899,
  "results/backtests/breakout_52w_simple_2020-01-01_2025-12-31_20260412_224539/plots/equity.png": 1776001988.1476874,
  "results/backtests/breakout_52w_simple_2020-01-01_2025-12-31_20260412_224539/plots/drawdown.png": 1776001988.2280312
}